brand_name,total_revenue
Cadbury,12344944.559999997
Ferrero,10289819.369999995
ITC,8770143.970000008
